{"accuracy": [0.06340094655752182, 0.10715652257204056, 0.1450440138578415, 0.17846664786338806, 0.23446868360042572, 0.31725984811782837, 0.3999234735965729, 0.47608113288879395, 0.5549176931381226, 0.6100267767906189, 0.6727898716926575, 0.7299400568008423, 0.7722923755645752, 0.7952544689178467, 0.815537691116333, 0.8321214318275452, 0.8363311886787415, 0.8641408085823059, 0.870901882648468, 0.8751116394996643, 0.8868477940559387, 0.8895267248153687, 0.8960326313972473, 0.8906748294830322, 0.9064931869506836, 0.9006250500679016, 0.9114683270454407, 0.9048348069190979, 0.9072585701942444, 0.9151677489280701, 0.9056001901626587, 0.9141471982002258], "loss": [4.9088335037231445, 2.8681232929229736, 2.7559471130371094, 2.6348013877868652, 2.4472689628601074, 2.2268831729888916, 1.9623546600341797, 1.7284212112426758, 1.4816194772720337, 1.3002527952194214, 1.078579306602478, 0.8878034353256226, 0.7655220031738281, 0.7066088914871216, 0.6197882890701294, 0.5761443376541138, 0.5622336864471436, 0.46501824259757996, 0.4537508487701416, 0.4160727262496948, 0.3907216489315033, 0.3755195140838623, 0.3625139892101288, 0.36173659563064575, 0.3236386775970459, 0.34403935074806213, 0.3049141466617584, 0.32583537697792053, 0.31896334886550903, 0.28199270367622375, 0.32266759872436523, 0.29240116477012634], "val_accuracy": [0.08810068666934967, 0.1292906105518341, 0.1418764293193817, 0.17048054933547974, 0.21624714136123657, 0.22654461860656738, 0.2551487386226654, 0.30205950140953064, 0.3489702641963959, 0.3558352291584015, 0.3524027466773987, 0.3901601731777191, 0.3604119122028351, 0.4016018211841583, 0.4050343334674835, 0.3970251679420471, 0.4118993282318115, 0.41533181071281433, 0.42448511719703674, 0.4107551574707031, 0.43363845348358154, 0.4050343334674835, 0.4038901627063751, 0.41990846395492554, 0.42791762948036194, 0.40732264518737793, 0.41304346919059753, 0.42906177043914795, 0.4038901627063751, 0.4118993282318115, 0.4107551574707031, 0.4004576802253723], "val_loss": [2.993074417114258, 2.8182075023651123, 2.7777276039123535, 2.6686594486236572, 2.589351177215576, 2.5169155597686768, 2.5266201496124268, 2.4286880493164062, 2.367328643798828, 2.3913798332214355, 2.34898042678833, 2.399268627166748, 2.6438395977020264, 2.371879816055298, 2.5658154487609863, 2.5313756465911865, 2.5538368225097656, 2.5329294204711914, 2.5495269298553467, 2.6288866996765137, 2.823354482650757, 2.690626621246338, 2.7441563606262207, 2.8203341960906982, 2.8667988777160645, 2.6361804008483887, 2.8007586002349854, 2.8825652599334717, 3.0005247592926025, 2.922415018081665, 2.910972833633423, 2.956505060195923]}